Frame,Hand,Landmark,X,Y,Z
2,0,0,0.7393341064453125,0.5280236005783081,-2.813101787069172e-07
2,0,1,0.7293177843093872,0.4888413846492767,-0.0051321238279342
2,0,2,0.7379171252250671,0.4472745954990387,-0.0096172979101538
2,0,3,0.745152473449707,0.4186238348484039,-0.0140244094654917
2,0,4,0.7430369853973389,0.3983018696308136,-0.0174713730812072
2,0,5,0.7915380001068115,0.4291783273220062,-0.0081783197820186
2,0,6,0.773188591003418,0.381448894739151,-0.0236679557710886
2,0,7,0.7581861615180969,0.3509932160377502,-0.034608032554388
2,0,8,0.7459146976470947,0.3281793892383575,-0.0421644039452075
2,0,9,0.7894536256790161,0.4365136921405792,-0.0130923148244619
2,0,10,0.7373089790344238,0.3986609280109405,-0.0308369640260934
2,0,11,0.7226462960243225,0.419936329126358,-0.0327314622700214
2,0,12,0.7304149270057678,0.4371236860752105,-0.0317995883524417
2,0,13,0.7773803472518921,0.4454999566078186,-0.0195010509341955
2,0,14,0.727514386177063,0.4127543568611145,-0.0352647304534912
2,0,15,0.7159815430641174,0.434131920337677,-0.0276985727250576
2,0,16,0.7260578870773315,0.4493755996227264,-0.0204638745635747
2,0,17,0.7610325217247009,0.4575350880622864,-0.0272155664861202
2,0,18,0.7233047485351562,0.4331482946872711,-0.0392992421984672
2,0,19,0.7118233442306519,0.4503109455108642,-0.0347272753715515
2,0,20,0.7177223563194275,0.4655018150806427,-0.0289876200258731
2,1,0,0.0,0.0,0.0
2,1,1,0.0,0.0,0.0
2,1,2,0.0,0.0,0.0
2,1,3,0.0,0.0,0.0
2,1,4,0.0,0.0,0.0
2,1,5,0.0,0.0,0.0
2,1,6,0.0,0.0,0.0
2,1,7,0.0,0.0,0.0
2,1,8,0.0,0.0,0.0
2,1,9,0.0,0.0,0.0
2,1,10,0.0,0.0,0.0
2,1,11,0.0,0.0,0.0
2,1,12,0.0,0.0,0.0
2,1,13,0.0,0.0,0.0
2,1,14,0.0,0.0,0.0
2,1,15,0.0,0.0,0.0
2,1,16,0.0,0.0,0.0
2,1,17,0.0,0.0,0.0
2,1,18,0.0,0.0,0.0
2,1,19,0.0,0.0,0.0
2,1,20,0.0,0.0,0.0
3,0,0,0.7375046610832214,0.5249844789505005,-3.07421771594818e-07
3,0,1,0.7373167276382446,0.488258808851242,-0.0009432925726287
3,0,2,0.746012270450592,0.4459368288516998,-0.0046399333514273
3,0,3,0.7489114999771118,0.4162768125534057,-0.0091129811480641
3,0,4,0.7426661849021912,0.3967594802379608,-0.0131192449480295
3,0,5,0.7904349565505981,0.4278219044208526,-0.0074697881937026
3,0,6,0.7709274888038635,0.3785704374313354,-0.0216275192797184
3,0,7,0.7548888921737671,0.3490690588951111,-0.0309920255094766
3,0,8,0.7419873476028442,0.3275319039821625,-0.0373928770422935
3,0,9,0.7865310311317444,0.4342556297779083,-0.0140216695144772
3,0,10,0.7339378595352173,0.3973182141780853,-0.0301515534520149
3,0,11,0.7216470241546631,0.419576495885849,-0.0309416260570287
3,0,12,0.7305057644844055,0.4364306628704071,-0.0296521373093128
3,0,13,0.7735478281974792,0.4426239728927612,-0.0214377492666244
3,0,14,0.7234418988227844,0.4117181003093719,-0.0348377488553524
3,0,15,0.7134812474250793,0.4343100488185882,-0.0270329490303993
3,0,16,0.7235101461410522,0.449543833732605,-0.0203752107918262
3,0,17,0.7566287517547607,0.4540475606918335,-0.0297304093837738
3,0,18,0.7196505069732666,0.4300383627414703,-0.0397690311074256
3,0,19,0.7094972729682922,0.4484305381774902,-0.0348554924130439
3,0,20,0.7156384587287903,0.4640974700450897,-0.0294618662446737
3,1,0,0.0,0.0,0.0
3,1,1,0.0,0.0,0.0
3,1,2,0.0,0.0,0.0
3,1,3,0.0,0.0,0.0
3,1,4,0.0,0.0,0.0
3,1,5,0.0,0.0,0.0
3,1,6,0.0,0.0,0.0
3,1,7,0.0,0.0,0.0
3,1,8,0.0,0.0,0.0
3,1,9,0.0,0.0,0.0
3,1,10,0.0,0.0,0.0
3,1,11,0.0,0.0,0.0
3,1,12,0.0,0.0,0.0
3,1,13,0.0,0.0,0.0
3,1,14,0.0,0.0,0.0
3,1,15,0.0,0.0,0.0
3,1,16,0.0,0.0,0.0
3,1,17,0.0,0.0,0.0
3,1,18,0.0,0.0,0.0
3,1,19,0.0,0.0,0.0
3,1,20,0.0,0.0,0.0
4,0,0,0.7396294474601746,0.5317716598510742,-3.091493852025451e-07
4,0,1,0.7433331608772278,0.4902484714984894,-0.0009671252337284
4,0,2,0.7506217360496521,0.4444954693317413,-0.0055504594929516
4,0,3,0.7495257258415222,0.4119683802127838,-0.0110252778977155
4,0,4,0.7395525574684143,0.392245203256607,-0.0162108745425939
4,0,5,0.788705587387085,0.4238520264625549,-0.007380130700767
4,0,6,0.7668246626853943,0.3729369938373565,-0.0218592416495084
4,0,7,0.7494980096817017,0.3437039256095886,-0.0314999856054782
4,0,8,0.7358742952346802,0.3219254314899444,-0.0381935834884643
4,0,9,0.7838640213012695,0.4295234382152557,-0.0139778684824705
4,0,10,0.7294248938560486,0.3918323814868927,-0.0300220660865306
4,0,11,0.7189905047416687,0.4146293997764587,-0.0304554961621761
4,0,12,0.7281433939933777,0.4320564866065979,-0.0292018949985504
4,0,13,0.7700902223587036,0.4386091530323028,-0.0215524267405271
4,0,14,0.7180750370025635,0.4081498682498932,-0.0347720570862293
4,0,15,0.7099519968032837,0.4309389293193817,-0.0267973393201828
4,0,16,0.7206065058708191,0.4463388919830322,-0.02026810310781
4,0,17,0.7522144913673401,0.4509701728820801,-0.0300181806087493
4,0,18,0.7128802537918091,0.4290042221546173,-0.0395505428314209
4,0,19,0.7047764658927917,0.4482203423976898,-0.0347286015748977
4,0,20,0.711641252040863,0.4638522565364837,-0.0296771004796028
4,1,0,0.0,0.0,0.0
4,1,1,0.0,0.0,0.0
4,1,2,0.0,0.0,0.0
4,1,3,0.0,0.0,0.0
4,1,4,0.0,0.0,0.0
4,1,5,0.0,0.0,0.0
4,1,6,0.0,0.0,0.0
4,1,7,0.0,0.0,0.0
4,1,8,0.0,0.0,0.0
4,1,9,0.0,0.0,0.0
4,1,10,0.0,0.0,0.0
4,1,11,0.0,0.0,0.0
4,1,12,0.0,0.0,0.0
4,1,13,0.0,0.0,0.0
4,1,14,0.0,0.0,0.0
4,1,15,0.0,0.0,0.0
4,1,16,0.0,0.0,0.0
4,1,17,0.0,0.0,0.0
4,1,18,0.0,0.0,0.0
4,1,19,0.0,0.0,0.0
4,1,20,0.0,0.0,0.0
8,0,0,0.6962981224060059,0.4590548574924469,-3.226739409001312e-07
8,0,1,0.7012113332748413,0.4217507541179657,0.003450240008533
8,0,2,0.694815456867218,0.3755683898925781,-0.0009512872202321
8,0,3,0.67670738697052,0.3460575044155121,-0.0068201222456991
8,0,4,0.6567991375923157,0.3332195580005646,-0.0128322169184684
8,0,5,0.715585470199585,0.3490366339683532,-0.0064106797799468
8,0,6,0.674135684967041,0.3108496069908142,-0.0202440414577722
8,0,7,0.6447198390960693,0.2942070662975311,-0.0291297510266304
8,0,8,0.6228793859481812,0.2861022055149078,-0.0345938690006732
8,0,9,0.707980751991272,0.3557606935501098,-0.0144642312079668
8,0,10,0.64687180519104,0.335803747177124,-0.0271270163357257
8,0,11,0.6440201997756958,0.3575533628463745,-0.0269004050642251
8,0,12,0.6574124097824097,0.369832307100296,-0.0264566838741302
8,0,13,0.694246232509613,0.3675332069396972,-0.0230177640914917
8,0,14,0.6383023858070374,0.3500746190547943,-0.0329002924263477
8,0,15,0.6370678544044495,0.3717983365058899,-0.0259110871702432
8,0,16,0.6510869264602661,0.3814161717891693,-0.021446768194437
8,0,17,0.6785852313041687,0.3822227418422699,-0.0317960605025291
8,0,18,0.6347981691360474,0.3675375580787658,-0.0383780747652053
8,0,19,0.6332798004150391,0.3855162262916565,-0.0337657928466796
8,0,20,0.6438850164413452,0.3965763747692108,-0.0300678592175245
8,1,0,0.0,0.0,0.0
8,1,1,0.0,0.0,0.0
8,1,2,0.0,0.0,0.0
8,1,3,0.0,0.0,0.0
8,1,4,0.0,0.0,0.0
8,1,5,0.0,0.0,0.0
8,1,6,0.0,0.0,0.0
8,1,7,0.0,0.0,0.0
8,1,8,0.0,0.0,0.0
8,1,9,0.0,0.0,0.0
8,1,10,0.0,0.0,0.0
8,1,11,0.0,0.0,0.0
8,1,12,0.0,0.0,0.0
8,1,13,0.0,0.0,0.0
8,1,14,0.0,0.0,0.0
8,1,15,0.0,0.0,0.0
8,1,16,0.0,0.0,0.0
8,1,17,0.0,0.0,0.0
8,1,18,0.0,0.0,0.0
8,1,19,0.0,0.0,0.0
8,1,20,0.0,0.0,0.0
11,0,0,0.6472207903862,0.414451539516449,-2.3381920755127802e-07
11,0,1,0.6397069096565247,0.3865166902542114,-0.0005926599842496
11,0,2,0.6185788512229919,0.3614500164985657,-0.0053600203245878
11,0,3,0.5913481712341309,0.3570027947425842,-0.0113389370962977
11,0,4,0.5698908567428589,0.3622831404209137,-0.0176489353179931
11,0,5,0.6226717829704285,0.3244973123073578,-0.0015615691663697
11,0,6,0.576199471950531,0.3322477340698242,-0.0150130055844783
11,0,7,0.5559601783752441,0.3473948240280151,-0.0268147252500057
11,0,8,0.5499586462974548,0.360568642616272,-0.0333748534321785
11,0,9,0.6140644550323486,0.3353257179260254,-0.0061239209026098
11,0,10,0.5708379745483398,0.3421580195426941,-0.0162586290389299
11,0,11,0.565214991569519,0.3597534000873565,-0.0221185889095067
11,0,12,0.5719138979911804,0.3729391992092132,-0.0254866871982812
11,0,13,0.6036342978477478,0.3514561951160431,-0.0112893264740705
11,0,14,0.5627819299697876,0.3564759790897369,-0.0205332916229963
11,0,15,0.5617345571517944,0.3744071125984192,-0.0198087505996227
11,0,16,0.571362316608429,0.3859403729438782,-0.0179819241166114
11,0,17,0.5927268266677856,0.3703541755676269,-0.0165613554418087
11,0,18,0.5603613257408142,0.3733856976032257,-0.0242440290749073
11,0,19,0.5619505047798157,0.3868313431739807,-0.022007206454873
11,0,20,0.5711393356323242,0.3967641294002533,-0.0182944200932979
11,1,0,0.0,0.0,0.0
11,1,1,0.0,0.0,0.0
11,1,2,0.0,0.0,0.0
11,1,3,0.0,0.0,0.0
11,1,4,0.0,0.0,0.0
11,1,5,0.0,0.0,0.0
11,1,6,0.0,0.0,0.0
11,1,7,0.0,0.0,0.0
11,1,8,0.0,0.0,0.0
11,1,9,0.0,0.0,0.0
11,1,10,0.0,0.0,0.0
11,1,11,0.0,0.0,0.0
11,1,12,0.0,0.0,0.0
11,1,13,0.0,0.0,0.0
11,1,14,0.0,0.0,0.0
11,1,15,0.0,0.0,0.0
11,1,16,0.0,0.0,0.0
11,1,17,0.0,0.0,0.0
11,1,18,0.0,0.0,0.0
11,1,19,0.0,0.0,0.0
11,1,20,0.0,0.0,0.0
14,0,0,0.6098587512969971,0.4220655560493469,-3.751413828467776e-07
14,0,1,0.5953023433685303,0.3982547521591186,0.002160670235753
14,0,2,0.564111053943634,0.3844351470470428,0.0019304894376546
14,0,3,0.5395733118057251,0.3912363946437835,-0.0002793578023556
14,0,4,0.5244021415710449,0.4051367342472076,-0.0024490198120474
14,0,5,0.5474669933319092,0.3511793613433838,0.0081387069076299
14,0,6,0.5209319591522217,0.382630705833435,-0.0040522743947803
14,0,7,0.5263921618461609,0.4021467864513397,-0.0152694918215274
14,0,8,0.5388299822807312,0.4109673798084259,-0.0204938221722841
14,0,9,0.5367141962051392,0.3622060716152191,0.0033765281550586
14,0,10,0.5145658254623413,0.3961000740528106,-0.0055510369129478
14,0,11,0.525547981262207,0.4135487973690033,-0.0124740116298198
14,0,12,0.5380330085754395,0.4201640188694,-0.015406310558319
14,0,13,0.5295613408088684,0.3782810270786285,-0.0022239317186176
14,0,14,0.5097403526306152,0.4086783826351166,-0.0083267260342836
14,0,15,0.5214368104934692,0.4250585436820984,-0.009468600153923
14,0,16,0.5318964719772339,0.4301013350486755,-0.0089395912364125
14,0,17,0.5255979895591736,0.3967282772064209,-0.0079531567171216
14,0,18,0.5094071626663208,0.420476496219635,-0.0108729004859924
14,0,19,0.5153275728225708,0.4345139265060425,-0.0086814071983098
14,0,20,0.5201804637908936,0.4408918023109436,-0.0051819616928696
14,1,0,0.0,0.0,0.0
14,1,1,0.0,0.0,0.0
14,1,2,0.0,0.0,0.0
14,1,3,0.0,0.0,0.0
14,1,4,0.0,0.0,0.0
14,1,5,0.0,0.0,0.0
14,1,6,0.0,0.0,0.0
14,1,7,0.0,0.0,0.0
14,1,8,0.0,0.0,0.0
14,1,9,0.0,0.0,0.0
14,1,10,0.0,0.0,0.0
14,1,11,0.0,0.0,0.0
14,1,12,0.0,0.0,0.0
14,1,13,0.0,0.0,0.0
14,1,14,0.0,0.0,0.0
14,1,15,0.0,0.0,0.0
14,1,16,0.0,0.0,0.0
14,1,17,0.0,0.0,0.0
14,1,18,0.0,0.0,0.0
14,1,19,0.0,0.0,0.0
14,1,20,0.0,0.0,0.0
15,0,0,0.6015549302101135,0.428750216960907,-2.952141926471086e-07
15,0,1,0.5864562392234802,0.4032437205314636,0.0012580485781654
15,0,2,0.5556798577308655,0.3885388076305389,0.0005458841333165
15,0,3,0.5330201387405396,0.3952004015445709,-0.0015622813953086
15,0,4,0.5205075740814209,0.4106036126613617,-0.0038786095101386
15,0,5,0.533940315246582,0.362434059381485,0.0056702448055148
15,0,6,0.5129613876342773,0.3936716020107269,-0.0057118209078907
15,0,7,0.5230258107185364,0.4100479185581207,-0.0166613459587097
15,0,8,0.5387147665023804,0.4146165251731872,-0.0217543337494134
15,0,9,0.5251806974411011,0.3750111162662506,0.001747116446495
15,0,10,0.5090572237968445,0.4042755961418152,-0.0046662497334182
15,0,11,0.5218344330787659,0.4188112020492553,-0.0099108284339308
15,0,12,0.537365198135376,0.423185646533966,-0.0122743230313062
15,0,13,0.5203795433044434,0.392294704914093,-0.0028727843891829
15,0,14,0.5079240202903748,0.4167072772979736,-0.0070441635325551
15,0,15,0.522022545337677,0.4294726550579071,-0.0065966905094683
15,0,16,0.5360540151596069,0.4323083758354187,-0.00545618776232
15,0,17,0.5183911919593811,0.4103330075740814,-0.007823172956705
15,0,18,0.509356677532196,0.4286739528179168,-0.0096196932718157
15,0,19,0.5215326547622681,0.4388461709022522,-0.0058774193748831
15,0,20,0.5324961543083191,0.4420866668224334,-0.0014275044668465
15,1,0,0.0,0.0,0.0
15,1,1,0.0,0.0,0.0
15,1,2,0.0,0.0,0.0
15,1,3,0.0,0.0,0.0
15,1,4,0.0,0.0,0.0
15,1,5,0.0,0.0,0.0
15,1,6,0.0,0.0,0.0
15,1,7,0.0,0.0,0.0
15,1,8,0.0,0.0,0.0
15,1,9,0.0,0.0,0.0
15,1,10,0.0,0.0,0.0
15,1,11,0.0,0.0,0.0
15,1,12,0.0,0.0,0.0
15,1,13,0.0,0.0,0.0
15,1,14,0.0,0.0,0.0
15,1,15,0.0,0.0,0.0
15,1,16,0.0,0.0,0.0
15,1,17,0.0,0.0,0.0
15,1,18,0.0,0.0,0.0
15,1,19,0.0,0.0,0.0
15,1,20,0.0,0.0,0.0
17,0,0,0.5915242433547974,0.4400767385959625,-2.443789526296314e-07
17,0,1,0.575813353061676,0.4144477546215057,0.0071978140622377
17,0,2,0.5455870628356934,0.3997935652732849,0.0103203430771827
17,0,3,0.5258299112319946,0.4017237722873688,0.0108960689976811
17,0,4,0.5147736072540283,0.410376489162445,0.0108485575765371
17,0,5,0.5164193511009216,0.3903855085372925,0.0123052783310413
17,0,6,0.5025696158409119,0.4109990000724792,0.0078953141346573
17,0,7,0.514107346534729,0.4196028709411621,0.0011920473771169
17,0,8,0.5279920697212219,0.4194369316101074,-0.0027950452640652
17,0,9,0.5086193084716797,0.4034208357334137,0.0064368885941803
17,0,10,0.4973146319389343,0.4228850305080414,0.0064125722274184
17,0,11,0.5105878114700317,0.43153777718544,0.0036792824976146
17,0,12,0.5244848728179932,0.4316484928131103,0.0015045460313558
17,0,13,0.5062369704246521,0.4209564626216888,0.0004941119113937
17,0,14,0.4953159689903259,0.4378880262374878,0.0012055133702233
17,0,15,0.5091425180435181,0.4454841613769531,0.002423251979053
17,0,16,0.5211279988288879,0.4448911249637604,0.0023848041892051
17,0,17,0.5074893832206726,0.4398247301578522,-0.0052813896909356
17,0,18,0.4996365308761596,0.4539541602134704,-0.0042342562228441
17,0,19,0.5116928815841675,0.4599114656448364,-5.27468255313579e-05
17,0,20,0.5220064520835876,0.4608440399169922,0.0034842242021113
17,1,0,0.0,0.0,0.0
17,1,1,0.0,0.0,0.0
17,1,2,0.0,0.0,0.0
17,1,3,0.0,0.0,0.0
17,1,4,0.0,0.0,0.0
17,1,5,0.0,0.0,0.0
17,1,6,0.0,0.0,0.0
17,1,7,0.0,0.0,0.0
17,1,8,0.0,0.0,0.0
17,1,9,0.0,0.0,0.0
17,1,10,0.0,0.0,0.0
17,1,11,0.0,0.0,0.0
17,1,12,0.0,0.0,0.0
17,1,13,0.0,0.0,0.0
17,1,14,0.0,0.0,0.0
17,1,15,0.0,0.0,0.0
17,1,16,0.0,0.0,0.0
17,1,17,0.0,0.0,0.0
17,1,18,0.0,0.0,0.0
17,1,19,0.0,0.0,0.0
17,1,20,0.0,0.0,0.0
18,0,0,0.5948182344436646,0.4675160050392151,-2.891272856686556e-07
18,0,1,0.5731545090675354,0.4517252743244171,-0.0036328060086816
18,0,2,0.5397899746894836,0.4469417035579681,-0.0068674166686832
18,0,3,0.5153821110725403,0.4574860036373138,-0.0102993799373507
18,0,4,0.5019981861114502,0.4706159234046936,-0.0129833864048123
18,0,5,0.5158838629722595,0.4152224361896515,-0.001036744331941
18,0,6,0.4988580048084259,0.4442187547683716,-0.0132712777704
18,0,7,0.5120198726654053,0.458471804857254,-0.0237929746508598
18,0,8,0.5266086459159851,0.4594115912914276,-0.0290442667901515
18,0,9,0.5135999917984009,0.426891416311264,-0.0029596327804028
18,0,10,0.503088653087616,0.4552634358406067,-0.0121133681386709
18,0,11,0.5183408260345459,0.466124564409256,-0.0178516674786806
18,0,12,0.533610999584198,0.4661890268325805,-0.0202700942754745
18,0,13,0.5158602595329285,0.442586600780487,-0.0057153874076902
18,0,14,0.5091760158538818,0.4695514440536499,-0.0135903125628829
18,0,15,0.5254064798355103,0.4774624109268188,-0.0123977353796362
18,0,16,0.5398521423339844,0.4769513010978699,-0.0099616348743438
18,0,17,0.5205510258674622,0.4594894051551819,-0.0088724410161376
18,0,18,0.5136718153953552,0.4797834753990173,-0.0132557563483715
18,0,19,0.5275447368621826,0.4861156046390533,-0.0091364355757832
18,0,20,0.539214015007019,0.4868308007717132,-0.0039479141123592
18,1,0,0.0,0.0,0.0
18,1,1,0.0,0.0,0.0
18,1,2,0.0,0.0,0.0
18,1,3,0.0,0.0,0.0
18,1,4,0.0,0.0,0.0
18,1,5,0.0,0.0,0.0
18,1,6,0.0,0.0,0.0
18,1,7,0.0,0.0,0.0
18,1,8,0.0,0.0,0.0
18,1,9,0.0,0.0,0.0
18,1,10,0.0,0.0,0.0
18,1,11,0.0,0.0,0.0
18,1,12,0.0,0.0,0.0
18,1,13,0.0,0.0,0.0
18,1,14,0.0,0.0,0.0
18,1,15,0.0,0.0,0.0
18,1,16,0.0,0.0,0.0
18,1,17,0.0,0.0,0.0
18,1,18,0.0,0.0,0.0
18,1,19,0.0,0.0,0.0
18,1,20,0.0,0.0,0.0
19,0,0,0.5905321836471558,0.4716764986515045,-2.535412590987107e-07
19,0,1,0.5740257501602173,0.4491024017333984,7.586761785205454e-05
19,0,2,0.5437111854553223,0.4388827979564667,-0.0004176497459411
19,0,3,0.5197890400886536,0.4439929723739624,-0.0021309743169695
19,0,4,0.506000280380249,0.4546668231487274,-0.0033838807139545
19,0,5,0.514532744884491,0.4235089421272278,0.0052833775989711
19,0,6,0.4957396984100342,0.4482367932796478,-0.0044727260246872
19,0,7,0.5071481466293335,0.4584853053092956,-0.0138284973800182
19,0,8,0.5220892429351807,0.4590763449668884,-0.0183838158845901
19,0,9,0.5069907903671265,0.4367448985576629,0.0025604262482374
19,0,10,0.4941036403179168,0.4612306952476501,-0.0040429388172924
19,0,11,0.508682370185852,0.4689707458019256,-0.0087880454957485
19,0,12,0.5234746932983398,0.4675008654594421,-0.010640263557434
19,0,13,0.5049194693565369,0.4533393979072571,-0.0008951549534685
19,0,14,0.4949269592761993,0.4748277366161346,-0.0061793508939445
19,0,15,0.5096741914749146,0.4805991351604461,-0.0051994216628372
19,0,16,0.5225380063056946,0.4777929186820984,-0.0035357282031327
19,0,17,0.50575190782547,0.4705165922641754,-0.0046709100715816
19,0,18,0.4993362128734588,0.4872055649757385,-0.0075605357997119
19,0,19,0.5134737491607666,0.4925183355808258,-0.0040144347585737
19,0,20,0.5251778960227966,0.4918052554130554,0.0003527194494381
19,1,0,0.0,0.0,0.0
19,1,1,0.0,0.0,0.0
19,1,2,0.0,0.0,0.0
19,1,3,0.0,0.0,0.0
19,1,4,0.0,0.0,0.0
19,1,5,0.0,0.0,0.0
19,1,6,0.0,0.0,0.0
19,1,7,0.0,0.0,0.0
19,1,8,0.0,0.0,0.0
19,1,9,0.0,0.0,0.0
19,1,10,0.0,0.0,0.0
19,1,11,0.0,0.0,0.0
19,1,12,0.0,0.0,0.0
19,1,13,0.0,0.0,0.0
19,1,14,0.0,0.0,0.0
19,1,15,0.0,0.0,0.0
19,1,16,0.0,0.0,0.0
19,1,17,0.0,0.0,0.0
19,1,18,0.0,0.0,0.0
19,1,19,0.0,0.0,0.0
19,1,20,0.0,0.0,0.0
26,0,0,0.5982667207717896,0.4965642988681793,-3.353268027694867e-07
26,0,1,0.581323504447937,0.4792506694793701,-0.0010473347501829
26,0,2,0.5505044460296631,0.4752813577651977,-0.0024003575090318
26,0,3,0.5258608460426331,0.4853630363941192,-0.004670578520745
26,0,4,0.5108129978179932,0.5004085898399353,-0.006260372698307
26,0,5,0.521111786365509,0.4399105608463287,0.0062416312284767
26,0,6,0.5063525438308716,0.4720961153507232,-0.0043722698464989
26,0,7,0.5169976353645325,0.4890144169330597,-0.0154393026605248
26,0,8,0.5336874723434448,0.4936583340167999,-0.0210544615983963
26,0,9,0.511028528213501,0.4539880752563476,0.0039031305350363
26,0,10,0.4980418384075165,0.4870588183403015,-0.0014758800389245
26,0,11,0.5115159749984741,0.5008572936058044,-0.0074756289832293
26,0,12,0.5262314677238464,0.5034456849098206,-0.0111316442489624
26,0,13,0.5051162242889404,0.4727455079555511,0.0004718438431154
26,0,14,0.4953270256519317,0.502006471157074,-0.0026267229113727
26,0,15,0.5088474154472351,0.5145479440689087,-0.0035295507404953
26,0,16,0.5207539796829224,0.5163624882698059,-0.0042131524533033
26,0,17,0.5020299553871155,0.4939095675945282,-0.0033901224378496
26,0,18,0.4955549538135528,0.518396258354187,-0.0041362512856721
26,0,19,0.5073968172073364,0.5286060571670532,-0.0014934771461412
26,0,20,0.5170198082923889,0.5311386585235596,0.0014855000190436
26,1,0,0.0,0.0,0.0
26,1,1,0.0,0.0,0.0
26,1,2,0.0,0.0,0.0
26,1,3,0.0,0.0,0.0
26,1,4,0.0,0.0,0.0
26,1,5,0.0,0.0,0.0
26,1,6,0.0,0.0,0.0
26,1,7,0.0,0.0,0.0
26,1,8,0.0,0.0,0.0
26,1,9,0.0,0.0,0.0
26,1,10,0.0,0.0,0.0
26,1,11,0.0,0.0,0.0
26,1,12,0.0,0.0,0.0
26,1,13,0.0,0.0,0.0
26,1,14,0.0,0.0,0.0
26,1,15,0.0,0.0,0.0
26,1,16,0.0,0.0,0.0
26,1,17,0.0,0.0,0.0
26,1,18,0.0,0.0,0.0
26,1,19,0.0,0.0,0.0
26,1,20,0.0,0.0,0.0
27,0,0,0.5967035293579102,0.4936144948005676,-3.538728208241082e-07
27,0,1,0.5809809565544128,0.4713793098926544,0.00114655517973
27,0,2,0.5503538846969604,0.4635143876075744,0.0016682023415341
27,0,3,0.524435818195343,0.4708893299102783,0.0008918565581552
27,0,4,0.5088260173797607,0.4858511984348297,-7.907871622592211e-05
27,0,5,0.5238291621208191,0.4393984079360962,0.0068817599676549
27,0,6,0.5095517635345459,0.4689802527427673,-0.0015455039683729
27,0,7,0.5179651379585266,0.4896621406078338,-0.0106166703626513
27,0,8,0.5339967608451843,0.4976612329483032,-0.0156012885272502
27,0,9,0.5116847157478333,0.4536001682281494,0.0038770830724388
27,0,10,0.4994548559188843,0.4872158467769623,0.0011938317911699
27,0,11,0.5105783939361572,0.5043829679489136,-0.0040850965306162
27,0,12,0.5241415500640869,0.5096260905265808,-0.0085073402151465
27,0,13,0.5054023861885071,0.4722450077533722,0.0001606314181117
27,0,14,0.4946912229061126,0.5037713050842285,-0.0027749855071306
27,0,15,0.5063837170600891,0.5197197198867798,-0.0050159483216702
27,0,16,0.5178895592689514,0.5240607261657715,-0.0072486419230699
27,0,17,0.502825915813446,0.4932928383350372,-0.0034359043929725
27,0,18,0.4962576627731323,0.5205358266830444,-0.0063282847404479
27,0,19,0.5069788098335266,0.5322991609573364,-0.005246062297374
27,0,20,0.5167222023010254,0.5357574224472046,-0.0034898137673735
27,1,0,0.0,0.0,0.0
27,1,1,0.0,0.0,0.0
27,1,2,0.0,0.0,0.0
27,1,3,0.0,0.0,0.0
27,1,4,0.0,0.0,0.0
27,1,5,0.0,0.0,0.0
27,1,6,0.0,0.0,0.0
27,1,7,0.0,0.0,0.0
27,1,8,0.0,0.0,0.0
27,1,9,0.0,0.0,0.0
27,1,10,0.0,0.0,0.0
27,1,11,0.0,0.0,0.0
27,1,12,0.0,0.0,0.0
27,1,13,0.0,0.0,0.0
27,1,14,0.0,0.0,0.0
27,1,15,0.0,0.0,0.0
27,1,16,0.0,0.0,0.0
27,1,17,0.0,0.0,0.0
27,1,18,0.0,0.0,0.0
27,1,19,0.0,0.0,0.0
27,1,20,0.0,0.0,0.0
28,0,0,0.5942550301551819,0.498278796672821,-3.313561762752215e-07
28,0,1,0.5785754323005676,0.4791429042816162,0.0017151155043393
28,0,2,0.5483338236808777,0.4705429375171661,0.0017245047492906
28,0,3,0.5238405466079712,0.4772539734840393,0.0003257018979638
28,0,4,0.5094292759895325,0.491084337234497,-0.0008566339965909
28,0,5,0.5236133933067322,0.4392596185207367,0.0069306013174355
28,0,6,0.5053417682647705,0.467404693365097,-0.001796624972485
28,0,7,0.513414740562439,0.4861932694911957,-0.011102270334959
28,0,8,0.528766930103302,0.4927378296852112,-0.0161241460591554
28,0,9,0.5128280520439148,0.4527671635150909,0.0033060926944017
28,0,10,0.49630007147789,0.4836494922637939,0.000308569840854
28,0,11,0.5057583451271057,0.5005336403846741,-0.0049475566484034
28,0,12,0.5181601047515869,0.5062118768692017,-0.0092378668487071
28,0,13,0.5066865682601929,0.47110515832901,-0.0009704297990538
28,0,14,0.4922843277454376,0.4991438686847687,-0.0031455706339329
28,0,15,0.5021789073944092,0.5152926445007324,-0.0044050030410289
28,0,16,0.5124126672744751,0.5199299454689026,-0.0061562275514006
28,0,17,0.5036845207214355,0.4920382797718048,-0.0052042133174836
28,0,18,0.4935368299484253,0.5167962312698364,-0.0064035379327833
28,0,19,0.502600371837616,0.5299615859985352,-0.0041695735417306
28,0,20,0.511393666267395,0.5346347093582153,-0.0018457404803484
28,1,0,0.0,0.0,0.0
28,1,1,0.0,0.0,0.0
28,1,2,0.0,0.0,0.0
28,1,3,0.0,0.0,0.0
28,1,4,0.0,0.0,0.0
28,1,5,0.0,0.0,0.0
28,1,6,0.0,0.0,0.0
28,1,7,0.0,0.0,0.0
28,1,8,0.0,0.0,0.0
28,1,9,0.0,0.0,0.0
28,1,10,0.0,0.0,0.0
28,1,11,0.0,0.0,0.0
28,1,12,0.0,0.0,0.0
28,1,13,0.0,0.0,0.0
28,1,14,0.0,0.0,0.0
28,1,15,0.0,0.0,0.0
28,1,16,0.0,0.0,0.0
28,1,17,0.0,0.0,0.0
28,1,18,0.0,0.0,0.0
28,1,19,0.0,0.0,0.0
28,1,20,0.0,0.0,0.0
29,0,0,0.5931990146636963,0.4963925182819366,-3.359731124419341e-07
29,0,1,0.575707197189331,0.4818793535232544,0.0014468856388702
29,0,2,0.5458822846412659,0.4733623266220093,0.0010706030298024
29,0,3,0.5209288001060486,0.4786179959774017,-0.0009975162101909
29,0,4,0.5071123242378235,0.4914760291576385,-0.0033776953350752
29,0,5,0.5207177996635437,0.4421191215515136,0.0060437377542257
29,0,6,0.4976870417594909,0.4716932773590088,-0.0042014964856207
29,0,7,0.5024853348731995,0.4949576556682586,-0.0147856529802083
29,0,8,0.5156881213188171,0.5062427520751953,-0.0201712790876626
29,0,9,0.5119457840919495,0.45313560962677,0.0022423097398132
29,0,10,0.4893912374973297,0.483567863702774,-0.0032853814773261
29,0,11,0.4952706098556518,0.5059501528739929,-0.0107708517462015
29,0,12,0.5064337253570557,0.5192417502403259,-0.0156634505838155
29,0,13,0.5071485638618469,0.4686140120029449,-0.0020875863265246
29,0,14,0.4872264862060547,0.4964862763881683,-0.0061518913134932
29,0,15,0.4937288761138916,0.5166062712669373,-0.0092528397217392
29,0,16,0.5033745765686035,0.5264471173286438,-0.0111693022772669
29,0,17,0.5058388710021973,0.4870018362998962,-0.0062623508274555
29,0,18,0.489123523235321,0.5099441409111023,-0.0084119960665702
29,0,19,0.4934585690498352,0.5261554718017578,-0.006871866993606
29,0,20,0.500921905040741,0.5351157784461975,-0.0044916030019521
29,1,0,0.0,0.0,0.0
29,1,1,0.0,0.0,0.0
29,1,2,0.0,0.0,0.0
29,1,3,0.0,0.0,0.0
29,1,4,0.0,0.0,0.0
29,1,5,0.0,0.0,0.0
29,1,6,0.0,0.0,0.0
29,1,7,0.0,0.0,0.0
29,1,8,0.0,0.0,0.0
29,1,9,0.0,0.0,0.0
29,1,10,0.0,0.0,0.0
29,1,11,0.0,0.0,0.0
29,1,12,0.0,0.0,0.0
29,1,13,0.0,0.0,0.0
29,1,14,0.0,0.0,0.0
29,1,15,0.0,0.0,0.0
29,1,16,0.0,0.0,0.0
29,1,17,0.0,0.0,0.0
29,1,18,0.0,0.0,0.0
29,1,19,0.0,0.0,0.0
29,1,20,0.0,0.0,0.0
32,0,0,0.5949708223342896,0.4957274198532104,-3.3460548820585245e-07
32,0,1,0.5770919919013977,0.4753681123256683,0.0019740762654691
32,0,2,0.5461891293525696,0.4644017815589905,0.0030281257349997
32,0,3,0.5200029611587524,0.4673951864242553,0.0024641118943691
32,0,4,0.505058228969574,0.4774839282035827,0.0016082091024145
32,0,5,0.5190920233726501,0.4376393258571625,0.0078545166179537
32,0,6,0.5006090998649597,0.4668317437171936,-0.0002633849508129
32,0,7,0.5050735473632812,0.4885859787464142,-0.0091610271483659
32,0,8,0.5158442258834839,0.4995947480201721,-0.0140729183331131
32,0,9,0.5091263055801392,0.4501554369926452,0.0039213425479829
32,0,10,0.4922937154769897,0.4813226759433746,-0.0008088533650152
32,0,11,0.4974828660488128,0.5043542981147766,-0.0081143742427229
32,0,12,0.5065182447433472,0.5196337103843689,-0.0131411664187908
32,0,13,0.5036190152168274,0.4677928686141968,-0.0005252406699582
32,0,14,0.4886620342731476,0.4979249835014343,-0.0051963096484541
32,0,15,0.4931375980377197,0.520412266254425,-0.0102300634607672
32,0,16,0.4991415143013,0.5333483219146729,-0.0135897500440478
32,0,17,0.5014050602912903,0.4887149333953857,-0.0047727534547448
32,0,18,0.4898511171340942,0.5142236351966858,-0.0088119991123676
32,0,19,0.4934189915657043,0.5327308773994446,-0.0099487528204917
32,0,20,0.4976279139518738,0.5453155040740967,-0.0096040330827236
32,1,0,0.0,0.0,0.0
32,1,1,0.0,0.0,0.0
32,1,2,0.0,0.0,0.0
32,1,3,0.0,0.0,0.0
32,1,4,0.0,0.0,0.0
32,1,5,0.0,0.0,0.0
32,1,6,0.0,0.0,0.0
32,1,7,0.0,0.0,0.0
32,1,8,0.0,0.0,0.0
32,1,9,0.0,0.0,0.0
32,1,10,0.0,0.0,0.0
32,1,11,0.0,0.0,0.0
32,1,12,0.0,0.0,0.0
32,1,13,0.0,0.0,0.0
32,1,14,0.0,0.0,0.0
32,1,15,0.0,0.0,0.0
32,1,16,0.0,0.0,0.0
32,1,17,0.0,0.0,0.0
32,1,18,0.0,0.0,0.0
32,1,19,0.0,0.0,0.0
32,1,20,0.0,0.0,0.0
35,0,0,0.5935000777244568,0.4889496266841888,-3.551091083409119e-07
35,0,1,0.5755215287208557,0.4655417799949646,0.0051800115033984
35,0,2,0.5448305606842041,0.4568714201450348,0.007849222049117
35,0,3,0.520882785320282,0.4638150334358215,0.0086371880024671
35,0,4,0.5078902840614319,0.4790667295455932,0.0086120003834366
35,0,5,0.5195979475975037,0.4372417628765106,0.0091934110969305
35,0,6,0.5038009285926819,0.468651682138443,0.0030878041870892
35,0,7,0.5076208114624023,0.4923252463340759,-0.003979351837188
35,0,8,0.5181736946105957,0.5072492361068726,-0.0077348272316157
35,0,9,0.5081352591514587,0.4497535228729248,0.0046150186099112
35,0,10,0.4921875894069671,0.4844722151756286,0.0027164898347109
35,0,11,0.4967295527458191,0.5097328424453735,-0.0032182659488171
35,0,12,0.5053780674934387,0.5279363393783569,-0.0082124592736363
35,0,13,0.5019375681877136,0.4675413072109222,-1.1980247109022455e-05
35,0,14,0.4868083000183105,0.5010439157485962,-0.0026289813686162
35,0,15,0.4912820756435394,0.5253970623016357,-0.0078418860211968
35,0,16,0.4973634481430053,0.5409517884254456,-0.0122301075607538
35,0,17,0.5000909566879272,0.4891399443149566,-0.0039335032925009
35,0,18,0.4900315999984741,0.5169872641563416,-0.0066311941482126
35,0,19,0.4939172267913818,0.5352630615234375,-0.0076273325830698
35,0,20,0.4981929957866668,0.5483248829841614,-0.0078504150733351
35,1,0,0.0,0.0,0.0
35,1,1,0.0,0.0,0.0
35,1,2,0.0,0.0,0.0
35,1,3,0.0,0.0,0.0
35,1,4,0.0,0.0,0.0
35,1,5,0.0,0.0,0.0
35,1,6,0.0,0.0,0.0
35,1,7,0.0,0.0,0.0
35,1,8,0.0,0.0,0.0
35,1,9,0.0,0.0,0.0
35,1,10,0.0,0.0,0.0
35,1,11,0.0,0.0,0.0
35,1,12,0.0,0.0,0.0
35,1,13,0.0,0.0,0.0
35,1,14,0.0,0.0,0.0
35,1,15,0.0,0.0,0.0
35,1,16,0.0,0.0,0.0
35,1,17,0.0,0.0,0.0
35,1,18,0.0,0.0,0.0
35,1,19,0.0,0.0,0.0
35,1,20,0.0,0.0,0.0
36,0,0,0.5937174558639526,0.4955677390098572,-3.232651977214118e-07
36,0,1,0.5758123397827148,0.4729660451412201,0.0015396237140521
36,0,2,0.5455388426780701,0.4625752568244934,0.002123380312696
36,0,3,0.5206140875816345,0.4674272537231445,0.0015112898545339
36,0,4,0.5067024827003479,0.4803613424301147,0.0007883218349888
36,0,5,0.52164626121521,0.4377259612083435,0.0053894529119133
36,0,6,0.5047385692596436,0.4675092697143554,-0.003194524673745
36,0,7,0.5111472010612488,0.4876004755496979,-0.0118118831887841
36,0,8,0.524716854095459,0.4973808228969574,-0.0162730664014816
36,0,9,0.5106317400932312,0.4505261480808258,0.0020902743563055
36,0,10,0.4944537580013275,0.482348769903183,-0.0023568817414343
36,0,11,0.5018755793571472,0.5027259588241577,-0.008128828369081
36,0,12,0.5134490728378296,0.5142046213150024,-0.0121762594208121
36,0,13,0.5042306780815125,0.4690372347831726,-0.001675282837823
36,0,14,0.4899637103080749,0.4980306029319763,-0.0058045675978064
36,0,15,0.4967527389526367,0.5177406072616577,-0.0090343644842505
36,0,16,0.5050443410873413,0.5275404453277588,-0.0113541539758443
36,0,17,0.5012298822402954,0.4912745356559753,-0.0052585117518901
36,0,18,0.4915303289890289,0.5160333514213562,-0.0086494591087102
36,0,19,0.4978345036506653,0.5311412811279297,-0.0084776347503066
36,0,20,0.5040633082389832,0.5397992730140686,-0.0072941966354846
36,1,0,0.0,0.0,0.0
36,1,1,0.0,0.0,0.0
36,1,2,0.0,0.0,0.0
36,1,3,0.0,0.0,0.0
36,1,4,0.0,0.0,0.0
36,1,5,0.0,0.0,0.0
36,1,6,0.0,0.0,0.0
36,1,7,0.0,0.0,0.0
36,1,8,0.0,0.0,0.0
36,1,9,0.0,0.0,0.0
36,1,10,0.0,0.0,0.0
36,1,11,0.0,0.0,0.0
36,1,12,0.0,0.0,0.0
36,1,13,0.0,0.0,0.0
36,1,14,0.0,0.0,0.0
36,1,15,0.0,0.0,0.0
36,1,16,0.0,0.0,0.0
36,1,17,0.0,0.0,0.0
36,1,18,0.0,0.0,0.0
36,1,19,0.0,0.0,0.0
36,1,20,0.0,0.0,0.0
37,0,0,0.5955362915992737,0.4954524636268616,-3.388508105217625e-07
37,0,1,0.5790206789970398,0.4697952568531036,0.0013143309624865
37,0,2,0.5480417013168335,0.4592935442924499,0.0020203324966132
37,0,3,0.522256076335907,0.4667877554893493,0.0016505952225998
37,0,4,0.5082746148109436,0.4821993410587311,0.0010754615068435
37,0,5,0.5222539901733398,0.4364213049411773,0.0052892472594976
37,0,6,0.506733238697052,0.46527761220932,-0.0029803391080349
37,0,7,0.5127919316291809,0.4861156344413757,-0.011484945192933
37,0,8,0.5258547067642212,0.4968909919261932,-0.016054481267929
37,0,9,0.5101362466812134,0.4508866965770721,0.0020817858166992
37,0,10,0.4957886338233948,0.4825420081615448,-0.001758316066116
37,0,11,0.5033307075500488,0.5033565759658813,-0.0072429710999131
37,0,12,0.5150941610336304,0.515420138835907,-0.0113363927230238
37,0,13,0.5039315819740295,0.4703557193279266,-0.0016662267735227
37,0,14,0.4906520247459411,0.5001492500305176,-0.0061916783452034
37,0,15,0.4974739253520965,0.5209341049194336,-0.0100126657634973
37,0,16,0.5058756470680237,0.5319783687591553,-0.0127089982852339
37,0,17,0.5017378330230713,0.4928078353404999,-0.0051275296136736
37,0,18,0.4918695390224457,0.5182815194129944,-0.0094050364568829
37,0,19,0.4975457787513733,0.5347533822059631,-0.0099127581343054
37,0,20,0.5036057233810425,0.5450904965400696,-0.0091712474822998
37,1,0,0.0,0.0,0.0
37,1,1,0.0,0.0,0.0
37,1,2,0.0,0.0,0.0
37,1,3,0.0,0.0,0.0
37,1,4,0.0,0.0,0.0
37,1,5,0.0,0.0,0.0
37,1,6,0.0,0.0,0.0
37,1,7,0.0,0.0,0.0
37,1,8,0.0,0.0,0.0
37,1,9,0.0,0.0,0.0
37,1,10,0.0,0.0,0.0
37,1,11,0.0,0.0,0.0
37,1,12,0.0,0.0,0.0
37,1,13,0.0,0.0,0.0
37,1,14,0.0,0.0,0.0
37,1,15,0.0,0.0,0.0
37,1,16,0.0,0.0,0.0
37,1,17,0.0,0.0,0.0
37,1,18,0.0,0.0,0.0
37,1,19,0.0,0.0,0.0
37,1,20,0.0,0.0,0.0
40,0,0,0.5954055190086365,0.494590163230896,-3.235578844851261e-07
40,0,1,0.5820396542549133,0.4706444144248962,0.0021957855205982
40,0,2,0.5514527559280396,0.4579620361328125,0.0037438003346323
40,0,3,0.5254185199737549,0.4610676169395447,0.0037117123138159
40,0,4,0.5099914073944092,0.4726430475711822,0.003390013705939
40,0,5,0.5242335200309753,0.4372091889381408,0.0085023753345012
40,0,6,0.5076958537101746,0.4635404050350189,-0.0004644923028536
40,0,7,0.5169634819030762,0.4798826873302459,-0.0096284579485654
40,0,8,0.5328280329704285,0.485393613576889,-0.0139481695368886
40,0,9,0.5124792456626892,0.4500943720340729,0.0048924698494374
40,0,10,0.4972163140773773,0.4779432117938995,0.0005726124509237
40,0,11,0.5098828077316284,0.4940908849239349,-0.0046384143643081
40,0,12,0.5252992510795593,0.4993970990180969,-0.007433152757585
40,0,13,0.5051953792572021,0.468640387058258,0.0005480741383507
40,0,14,0.491443395614624,0.4946547448635101,-0.0035297840368002
40,0,15,0.5039464235305786,0.5114154815673828,-0.0057287137024104
40,0,16,0.5166513919830322,0.5163305997848511,-0.0065917833708226
40,0,17,0.5013521909713745,0.4898767173290252,-0.0036039687693119
40,0,18,0.4903659522533417,0.5142127275466919,-0.0065952208824455
40,0,19,0.4994032382965088,0.529431939125061,-0.0052975686267018
40,0,20,0.5087618827819824,0.5359460711479187,-0.0027318680658936
40,1,0,0.0,0.0,0.0
40,1,1,0.0,0.0,0.0
40,1,2,0.0,0.0,0.0
40,1,3,0.0,0.0,0.0
40,1,4,0.0,0.0,0.0
40,1,5,0.0,0.0,0.0
40,1,6,0.0,0.0,0.0
40,1,7,0.0,0.0,0.0
40,1,8,0.0,0.0,0.0
40,1,9,0.0,0.0,0.0
40,1,10,0.0,0.0,0.0
40,1,11,0.0,0.0,0.0
40,1,12,0.0,0.0,0.0
40,1,13,0.0,0.0,0.0
40,1,14,0.0,0.0,0.0
40,1,15,0.0,0.0,0.0
40,1,16,0.0,0.0,0.0
40,1,17,0.0,0.0,0.0
40,1,18,0.0,0.0,0.0
40,1,19,0.0,0.0,0.0
40,1,20,0.0,0.0,0.0
42,0,0,0.5924655199050903,0.5011492967605591,-3.081365491652832e-07
42,0,1,0.5757328271865845,0.4820321500301361,-0.0015645555686205
42,0,2,0.5465980768203735,0.473572701215744,-0.0037900605238974
42,0,3,0.5208501219749451,0.4784427285194397,-0.0065053049474954
42,0,4,0.505107045173645,0.4882197678089142,-0.008624036796391
42,0,5,0.5227708220481873,0.436631977558136,0.0013517582556232
42,0,6,0.5064589977264404,0.4656885266304016,-0.0097890552133321
42,0,7,0.5155937075614929,0.4837657213211059,-0.0205460432916879
42,0,8,0.5311965346336365,0.4913660883903503,-0.0256927032023668
42,0,9,0.5130208730697632,0.4497366547584533,-0.0005989260389469
42,0,10,0.497424840927124,0.4790225923061371,-0.0063038519583642
42,0,11,0.5074465274810791,0.4957913160324096,-0.0122548546642065
42,0,12,0.5215818285942078,0.5030537843704224,-0.0159521475434303
42,0,13,0.5063085556030273,0.4688727259635925,-0.0031981298234313
42,0,14,0.4925056993961334,0.4929738044738769,-0.0071188444271683
42,0,15,0.5024762749671936,0.5082185864448547,-0.0081640854477882
42,0,16,0.5145817399024963,0.5140901207923889,-0.0085987048223614
42,0,17,0.5020788908004761,0.4911274909973144,-0.0059571606107056
42,0,18,0.4899268448352813,0.5102372765541077,-0.0079787811264395
42,0,19,0.4987010359764099,0.5229412317276001,-0.005180521402508
42,0,20,0.5089948177337646,0.5292628407478333,-0.0016261410200968
42,1,0,0.0,0.0,0.0
42,1,1,0.0,0.0,0.0
42,1,2,0.0,0.0,0.0
42,1,3,0.0,0.0,0.0
42,1,4,0.0,0.0,0.0
42,1,5,0.0,0.0,0.0
42,1,6,0.0,0.0,0.0
42,1,7,0.0,0.0,0.0
42,1,8,0.0,0.0,0.0
42,1,9,0.0,0.0,0.0
42,1,10,0.0,0.0,0.0
42,1,11,0.0,0.0,0.0
42,1,12,0.0,0.0,0.0
42,1,13,0.0,0.0,0.0
42,1,14,0.0,0.0,0.0
42,1,15,0.0,0.0,0.0
42,1,16,0.0,0.0,0.0
42,1,17,0.0,0.0,0.0
42,1,18,0.0,0.0,0.0
42,1,19,0.0,0.0,0.0
42,1,20,0.0,0.0,0.0
